{"means": {"PLAYER_AGE": 26.97426489067605, "GP": 52.87811007790902, "SEASON_START_YEAR": 2004.80251319427, "MIN_PER_GAME": 20.34721990449862, "FGM_PER_GAME": 3.2043955767780847, "FGA_PER_GAME": 7.0169193264639365, "FG3M_PER_GAME": 0.5084729831615984, "FG3A_PER_GAME": 1.4666222669012314, "FTM_PER_GAME": 1.5634209600402111, "FTA_PER_GAME": 2.083946217642624, "OREB_PER_GAME": 1.0232455390801707, "DREB_PER_GAME": 2.574776577029404, "REB_PER_GAME": 3.598067353606434, "AST_PER_GAME": 1.9287142498115106, "STL_PER_GAME": 0.6700965066599648, "BLK_PER_GAME": 0.4193048504649409, "TOV_PER_GAME": 1.245243025885901, "PF_PER_GAME": 1.905212867554662, "PTS_PER_GAME": 8.480806735360643, "is_traded": 0.11208846443830107}, "stds": {"PLAYER_AGE": 4.108381532297206, "GP": 25.335305855222423, "SEASON_START_YEAR": 13.010851226575356, "MIN_PER_GAME": 10.084408045616069, "FGM_PER_GAME": 2.2976869218525064, "FGA_PER_GAME": 4.736589813834219, "FG3M_PER_GAME": 0.6883895812721993, "FG3A_PER_GAME": 1.8209108068489308, "FTM_PER_GAME": 1.4334748740771255, "FTA_PER_GAME": 1.8049497792911366, "OREB_PER_GAME": 0.8582143940131489, "DREB_PER_GAME": 1.8222913189292025, "REB_PER_GAME": 2.549421022803081, "AST_PER_GAME": 1.8765707875015403, "STL_PER_GAME": 0.47073509091867366, "BLK_PER_GAME": 0.49714853376693563, "TOV_PER_GAME": 0.8310547730373475, "PF_PER_GAME": 0.858682029778834, "PTS_PER_GAME": 6.169844061973156, "is_traded": 0.3154831902411259}, "stats_columns": ["GP", "MIN_PER_GAME", "FGM_PER_GAME", "FGA_PER_GAME", "FG3M_PER_GAME", "FG3A_PER_GAME", "FTM_PER_GAME", "FTA_PER_GAME", "OREB_PER_GAME", "DREB_PER_GAME", "REB_PER_GAME", "AST_PER_GAME", "STL_PER_GAME", "BLK_PER_GAME", "TOV_PER_GAME", "PF_PER_GAME", "PTS_PER_GAME"]}